PropertyID,Date,RentalIncome,Expenses
P0001,2023-01-01,27322,4181
P0001,2023-02-01,29793,3040
P0001,2023-03-01,26556,7041
P0001,2023-04-01,17807,11080
P0001,2023-05-01,21749,10191
P0001,2023-06-01,29086,8994
P0001,2023-07-01,8312,2824
P0001,2023-08-01,29731,11519
P0001,2023-09-01,7141,8919
P0001,2023-10-01,23870,3310
P0001,2023-11-01,10588,4423
P0001,2023-12-01,9301,11906
P0001,2024-01-01,24570,10405
P0001,2024-02-01,26361,5768
P0001,2024-03-01,8748,6349
P0001,2024-04-01,13435,5209
P0001,2024-05-01,29657,8119
P0001,2024-06-01,29031,10586
P0001,2024-07-01,13576,11650
P0001,2024-08-01,23456,8030
P0001,2024-09-01,14188,2004
P0001,2024-10-01,5214,3031
P0001,2024-11-01,27960,2323
P0001,2024-12-01,21312,6529
P0002,2023-01-01,17428,1633
P0002,2023-02-01,6105,5127
P0002,2023-03-01,16972,7816
P0002,2023-04-01,5852,6410
P0002,2023-05-01,24559,6848
P0002,2023-06-01,29826,7690
P0002,2023-07-01,21640,4876
P0002,2023-08-01,9645,4986
P0002,2023-09-01,23968,11088
P0002,2023-10-01,15829,9553
P0002,2023-11-01,7330,4203
P0002,2023-12-01,12662,9620
P0002,2024-01-01,11114,2853
P0002,2024-02-01,14975,6563
P0002,2024-03-01,28933,9075
P0002,2024-04-01,4667,5968
P0002,2024-05-01,13337,8319
P0002,2024-06-01,7719,4245
P0002,2024-07-01,11483,2039
P0002,2024-08-01,8964,6335
P0002,2024-09-01,24159,7542
P0002,2024-10-01,18837,8602
P0002,2024-11-01,11312,6820
P0002,2024-12-01,17216,7632
P0003,2023-01-01,28275,4279
P0003,2023-02-01,21308,3081
P0003,2023-03-01,28098,4824
P0003,2023-04-01,16677,7213
P0003,2023-05-01,27410,1755
P0003,2023-06-01,8804,3338
P0003,2023-07-01,14136,1509
P0003,2023-08-01,23255,10489
P0003,2023-09-01,27793,8918
P0003,2023-10-01,9124,2515
P0003,2023-11-01,6193,9915
P0003,2023-12-01,17550,8949
P0003,2024-01-01,8158,5425
P0003,2024-02-01,10970,8438
P0003,2024-03-01,25168,5500
P0003,2024-04-01,22017,11844
P0003,2024-05-01,11266,10202
P0003,2024-06-01,4384,1904
P0003,2024-07-01,12175,3500
P0003,2024-08-01,13860,7489
P0003,2024-09-01,19106,2960
P0003,2024-10-01,27574,8640
P0003,2024-11-01,7636,6309
P0003,2024-12-01,24562,8745
P0004,2023-01-01,26984,7497
P0004,2023-02-01,6048,6280
P0004,2023-03-01,21100,9439
P0004,2023-04-01,25949,6044
P0004,2023-05-01,8976,11515
P0004,2023-06-01,7419,8739
P0004,2023-07-01,18489,1749
P0004,2023-08-01,29249,11857
P0004,2023-09-01,21154,5863
P0004,2023-10-01,14176,2577
P0004,2023-11-01,12427,10080
P0004,2023-12-01,28285,6358
P0004,2024-01-01,14040,8044
P0004,2024-02-01,25103,4314
P0004,2024-03-01,23758,2752
P0004,2024-04-01,10996,6173
P0004,2024-05-01,24914,11842
P0004,2024-06-01,19781,8381
P0004,2024-07-01,10949,11021
P0004,2024-08-01,26625,9517
P0004,2024-09-01,10941,11050
P0004,2024-10-01,27386,11709
P0004,2024-11-01,21715,5761
P0004,2024-12-01,28032,11050
P0005,2023-01-01,25499,6137
P0005,2023-02-01,8854,4677
P0005,2023-03-01,28114,11820
P0005,2023-04-01,22564,6392
P0005,2023-05-01,11043,1637
P0005,2023-06-01,26711,4972
P0005,2023-07-01,25833,4332
P0005,2023-08-01,23963,7471
P0005,2023-09-01,8164,9441
P0005,2023-10-01,18388,7069
P0005,2023-11-01,8300,7769
P0005,2023-12-01,7818,3406
P0005,2024-01-01,10254,2260
P0005,2024-02-01,28214,8850
P0005,2024-03-01,19183,7738
P0005,2024-04-01,10090,7531
P0005,2024-05-01,28071,10591
P0005,2024-06-01,16647,11411
P0005,2024-07-01,12472,3387
P0005,2024-08-01,7266,2166
P0005,2024-09-01,8188,2171
P0005,2024-10-01,14161,8277
P0005,2024-11-01,15314,9070
P0005,2024-12-01,28340,6624
P0006,2023-01-01,25969,6277
P0006,2023-02-01,7900,8177
P0006,2023-03-01,17716,8481
P0006,2023-04-01,10376,2023
P0006,2023-05-01,22777,4093
P0006,2023-06-01,14160,11445
P0006,2023-07-01,18124,8740
P0006,2023-08-01,27321,11988
P0006,2023-09-01,26574,6740
P0006,2023-10-01,14453,11978
P0006,2023-11-01,26877,4378
P0006,2023-12-01,24527,5144
P0006,2024-01-01,8432,11747
P0006,2024-02-01,18178,2776
P0006,2024-03-01,26195,1802
P0006,2024-04-01,21022,1555
P0006,2024-05-01,17013,10217
P0006,2024-06-01,12150,3625
P0006,2024-07-01,15479,1864
P0006,2024-08-01,10809,6121
P0006,2024-09-01,19034,6626
P0006,2024-10-01,9122,3146
P0006,2024-11-01,21302,4297
P0006,2024-12-01,26890,7370
P0007,2023-01-01,5531,9672
P0007,2023-02-01,23729,9173
P0007,2023-03-01,27333,8382
P0007,2023-04-01,5906,4586
P0007,2023-05-01,17503,9652
P0007,2023-06-01,9750,11767
P0007,2023-07-01,29289,2562
P0007,2023-08-01,22360,2796
P0007,2023-09-01,10229,9141
P0007,2023-10-01,20509,6132
P0007,2023-11-01,10288,5096
P0007,2023-12-01,15475,7668
P0007,2024-01-01,13795,9061
P0007,2024-02-01,12258,1732
P0007,2024-03-01,29745,11850
P0007,2024-04-01,10371,5706
P0007,2024-05-01,18369,9443
P0007,2024-06-01,16199,8391
P0007,2024-07-01,10738,3972
P0007,2024-08-01,23123,6901
P0007,2024-09-01,19679,3261
P0007,2024-10-01,14167,2376
P0007,2024-11-01,18277,5312
P0007,2024-12-01,29888,2960
P0008,2023-01-01,22117,3105
P0008,2023-02-01,9622,8267
P0008,2023-03-01,15613,8486
P0008,2023-04-01,23901,5235
P0008,2023-05-01,29736,9934
P0008,2023-06-01,6590,2563
P0008,2023-07-01,8324,10611
P0008,2023-08-01,9342,1505
P0008,2023-09-01,27873,10159
P0008,2023-10-01,18043,9695
P0008,2023-11-01,26350,10337
P0008,2023-12-01,4117,4051
P0008,2024-01-01,18309,7060
P0008,2024-02-01,24673,2346
P0008,2024-03-01,14954,7816
P0008,2024-04-01,10469,10833
P0008,2024-05-01,29299,1724
P0008,2024-06-01,16819,5708
P0008,2024-07-01,10283,3548
P0008,2024-08-01,10233,11265
P0008,2024-09-01,5828,3417
P0008,2024-10-01,24618,8488
P0008,2024-11-01,22410,5244
P0008,2024-12-01,29477,11731
P0009,2023-01-01,4009,1760
P0009,2023-02-01,26422,11365
P0009,2023-03-01,6219,8541
P0009,2023-04-01,22444,6787
P0009,2023-05-01,5619,10012
P0009,2023-06-01,5342,4332
P0009,2023-07-01,23208,3494
P0009,2023-08-01,18231,11730
P0009,2023-09-01,7490,10810
P0009,2023-10-01,11984,3104
P0009,2023-11-01,16219,1735
P0009,2023-12-01,14161,3408
P0009,2024-01-01,12567,5030
P0009,2024-02-01,9256,4135
P0009,2024-03-01,12162,11262
P0009,2024-04-01,22944,6915
P0009,2024-05-01,7391,7451
P0009,2024-06-01,25852,9507
P0009,2024-07-01,13064,10944
P0009,2024-08-01,26797,8441
P0009,2024-09-01,29890,6320
P0009,2024-10-01,19524,4398
P0009,2024-11-01,27930,1577
P0009,2024-12-01,11577,5727
P0010,2023-01-01,20984,2565
P0010,2023-02-01,22520,11555
P0010,2023-03-01,13510,8443
P0010,2023-04-01,15954,9304
P0010,2023-05-01,10565,7484
P0010,2023-06-01,25526,6170
P0010,2023-07-01,22574,10684
P0010,2023-08-01,23096,3692
P0010,2023-09-01,5248,5533
P0010,2023-10-01,22381,5187
P0010,2023-11-01,8018,3470
P0010,2023-12-01,12389,7265
P0010,2024-01-01,21586,9635
P0010,2024-02-01,25951,9167
P0010,2024-03-01,19374,7242
P0010,2024-04-01,9788,6908
P0010,2024-05-01,29053,10946
P0010,2024-06-01,4922,1919
P0010,2024-07-01,22588,2620
P0010,2024-08-01,15260,2450
P0010,2024-09-01,6336,6873
P0010,2024-10-01,6243,4145
P0010,2024-11-01,8612,3365
P0010,2024-12-01,15104,7528
P0011,2023-01-01,27710,7871
P0011,2023-02-01,10359,9363
P0011,2023-03-01,7228,5219
P0011,2023-04-01,18382,3871
P0011,2023-05-01,6891,5256
P0011,2023-06-01,24609,1594
P0011,2023-07-01,6674,8398
P0011,2023-08-01,14147,2293
P0011,2023-09-01,6116,7279
P0011,2023-10-01,16298,7666
P0011,2023-11-01,4814,1845
P0011,2023-12-01,14541,10054
P0011,2024-01-01,6443,11957
P0011,2024-02-01,14380,9283
P0011,2024-03-01,15473,2484
P0011,2024-04-01,19328,9290
P0011,2024-05-01,4827,5031
P0011,2024-06-01,11147,5951
P0011,2024-07-01,19343,5376
P0011,2024-08-01,9959,1626
P0011,2024-09-01,23561,10295
P0011,2024-10-01,15641,7524
P0011,2024-11-01,25493,5646
P0011,2024-12-01,11196,4868
P0012,2023-01-01,7797,3292
P0012,2023-02-01,15053,7232
P0012,2023-03-01,7476,4917
P0012,2023-04-01,5645,10897
P0012,2023-05-01,23414,4372
P0012,2023-06-01,7072,3354
P0012,2023-07-01,24405,6162
P0012,2023-08-01,10514,6531
P0012,2023-09-01,6708,8612
P0012,2023-10-01,13524,9893
P0012,2023-11-01,23891,7956
P0012,2023-12-01,8212,9470
P0012,2024-01-01,29150,2036
P0012,2024-02-01,5625,11814
P0012,2024-03-01,11973,10077
P0012,2024-04-01,12070,10166
P0012,2024-05-01,28993,7990
P0012,2024-06-01,7600,8283
P0012,2024-07-01,17226,10646
P0012,2024-08-01,8971,2705
P0012,2024-09-01,16951,3490
P0012,2024-10-01,9299,5072
P0012,2024-11-01,26359,7820
P0012,2024-12-01,8380,6257
P0013,2023-01-01,23097,11895
P0013,2023-02-01,20241,7088
P0013,2023-03-01,21350,6444
P0013,2023-04-01,17395,4932
P0013,2023-05-01,21072,5743
P0013,2023-06-01,24085,10033
P0013,2023-07-01,25566,11416
P0013,2023-08-01,27088,5922
P0013,2023-09-01,13984,3259
P0013,2023-10-01,13181,11954
P0013,2023-11-01,6482,9558
P0013,2023-12-01,4951,10414
P0013,2024-01-01,6079,4217
P0013,2024-02-01,24908,11192
P0013,2024-03-01,28861,8811
P0013,2024-04-01,27570,3565
P0013,2024-05-01,4768,6990
P0013,2024-06-01,19534,8145
P0013,2024-07-01,25467,6732
P0013,2024-08-01,15485,7297
P0013,2024-09-01,29522,6426
P0013,2024-10-01,26400,4835
P0013,2024-11-01,16342,9538
P0013,2024-12-01,20002,6373
P0014,2023-01-01,5481,11593
P0014,2023-02-01,26689,4951
P0014,2023-03-01,18422,1554
P0014,2023-04-01,11643,11515
P0014,2023-05-01,23846,2332
P0014,2023-06-01,16600,7454
P0014,2023-07-01,18295,10019
P0014,2023-08-01,27605,4810
P0014,2023-09-01,7300,8222
P0014,2023-10-01,11218,9276
P0014,2023-11-01,24059,4554
P0014,2023-12-01,17575,9470
P0014,2024-01-01,6143,6707
P0014,2024-02-01,13503,4038
P0014,2024-03-01,16175,6047
P0014,2024-04-01,26003,9856
P0014,2024-05-01,26996,6505
P0014,2024-06-01,19070,2322
P0014,2024-07-01,21327,7650
P0014,2024-08-01,8425,10466
P0014,2024-09-01,20032,3698
P0014,2024-10-01,24626,5195
P0014,2024-11-01,7452,10606
P0014,2024-12-01,17859,2808
P0015,2023-01-01,24561,10205
P0015,2023-02-01,14112,8352
P0015,2023-03-01,26419,5094
P0015,2023-04-01,8841,2909
P0015,2023-05-01,8566,5991
P0015,2023-06-01,21939,2304
P0015,2023-07-01,17221,2779
P0015,2023-08-01,17192,8583
P0015,2023-09-01,26370,7119
P0015,2023-10-01,15093,2887
P0015,2023-11-01,16880,4179
P0015,2023-12-01,6106,9673
P0015,2024-01-01,20086,5723
P0015,2024-02-01,8831,4268
P0015,2024-03-01,7186,4073
P0015,2024-04-01,16808,4099
P0015,2024-05-01,8033,9928
P0015,2024-06-01,5304,8868
P0015,2024-07-01,26261,2801
P0015,2024-08-01,22925,3551
P0015,2024-09-01,27193,10133
P0015,2024-10-01,15372,10496
P0015,2024-11-01,20458,8481
P0015,2024-12-01,9475,9732
P0016,2023-01-01,11184,7296
P0016,2023-02-01,27525,3122
P0016,2023-03-01,19988,9541
P0016,2023-04-01,20725,3574
P0016,2023-05-01,11992,2145
P0016,2023-06-01,8263,10301
P0016,2023-07-01,18060,7636
P0016,2023-08-01,19156,10146
P0016,2023-09-01,15664,4469
P0016,2023-10-01,7028,9143
P0016,2023-11-01,23065,5129
P0016,2023-12-01,24609,4567
P0016,2024-01-01,9941,2886
P0016,2024-02-01,23250,6288
P0016,2024-03-01,15555,6990
P0016,2024-04-01,17081,5624
P0016,2024-05-01,28724,5350
P0016,2024-06-01,25799,11750
P0016,2024-07-01,28063,8319
P0016,2024-08-01,29712,9878
P0016,2024-09-01,15046,10942
P0016,2024-10-01,21717,5650
P0016,2024-11-01,27150,4211
P0016,2024-12-01,8853,7712
P0017,2023-01-01,27863,6908
P0017,2023-02-01,11715,10442
P0017,2023-03-01,19507,3262
P0017,2023-04-01,19850,8601
P0017,2023-05-01,28058,7622
P0017,2023-06-01,4481,1653
P0017,2023-07-01,11617,3024
P0017,2023-08-01,6120,3843
P0017,2023-09-01,9136,7260
P0017,2023-10-01,5240,1560
P0017,2023-11-01,13130,3139
P0017,2023-12-01,26569,9470
P0017,2024-01-01,16418,2752
P0017,2024-02-01,24587,9863
P0017,2024-03-01,13650,5049
P0017,2024-04-01,24581,8509
P0017,2024-05-01,27051,3822
P0017,2024-06-01,20314,5590
P0017,2024-07-01,10960,4504
P0017,2024-08-01,25520,1829
P0017,2024-09-01,7640,9482
P0017,2024-10-01,24491,2841
P0017,2024-11-01,15855,9907
P0017,2024-12-01,4338,7395
P0018,2023-01-01,16254,4208
P0018,2023-02-01,15344,3250
P0018,2023-03-01,25988,3921
P0018,2023-04-01,11119,10401
P0018,2023-05-01,9319,8109
P0018,2023-06-01,25771,5493
P0018,2023-07-01,29064,9544
P0018,2023-08-01,17849,9738
P0018,2023-09-01,8873,6306
P0018,2023-10-01,12592,7413
P0018,2023-11-01,27508,4657
P0018,2023-12-01,20774,5930
P0018,2024-01-01,12820,9186
P0018,2024-02-01,8232,9507
P0018,2024-03-01,21905,10518
P0018,2024-04-01,5500,8237
P0018,2024-05-01,7294,6585
P0018,2024-06-01,22803,10626
P0018,2024-07-01,23426,5997
P0018,2024-08-01,21850,5061
P0018,2024-09-01,4614,6892
P0018,2024-10-01,28077,10874
P0018,2024-11-01,23607,8638
P0018,2024-12-01,6667,9480
P0019,2023-01-01,17409,1630
P0019,2023-02-01,6983,5778
P0019,2023-03-01,27510,9730
P0019,2023-04-01,28078,8140
P0019,2023-05-01,15779,6968
P0019,2023-06-01,19317,2420
P0019,2023-07-01,11564,10184
P0019,2023-08-01,17737,10823
P0019,2023-09-01,19229,10002
P0019,2023-10-01,29314,4741
P0019,2023-11-01,4545,5846
P0019,2023-12-01,13996,5310
P0019,2024-01-01,11206,10505
P0019,2024-02-01,20371,3532
P0019,2024-03-01,12436,1771
P0019,2024-04-01,23895,3271
P0019,2024-05-01,29838,5861
P0019,2024-06-01,11069,2420
P0019,2024-07-01,28574,4930
P0019,2024-08-01,24819,5260
P0019,2024-09-01,6050,2665
P0019,2024-10-01,28951,3533
P0019,2024-11-01,26851,1645
P0019,2024-12-01,18269,5888
P0020,2023-01-01,11832,10123
P0020,2023-02-01,29280,9673
P0020,2023-03-01,18286,4132
P0020,2023-04-01,8494,9556
P0020,2023-05-01,27895,10655
P0020,2023-06-01,14426,11733
P0020,2023-07-01,5828,11800
P0020,2023-08-01,16260,10630
P0020,2023-09-01,8805,2306
P0020,2023-10-01,27870,9702
P0020,2023-11-01,5868,9378
P0020,2023-12-01,18899,7190
P0020,2024-01-01,28211,6929
P0020,2024-02-01,13076,5064
P0020,2024-03-01,5389,8774
P0020,2024-04-01,21208,3765
P0020,2024-05-01,21320,7902
P0020,2024-06-01,18199,5345
P0020,2024-07-01,19876,3296
P0020,2024-08-01,12245,8714
P0020,2024-09-01,4726,4236
P0020,2024-10-01,17832,3413
P0020,2024-11-01,14106,9157
P0020,2024-12-01,22850,10541
P0021,2023-01-01,27696,9694
P0021,2023-02-01,11906,6376
P0021,2023-03-01,11287,2392
P0021,2023-04-01,14222,6175
P0021,2023-05-01,5933,2880
P0021,2023-06-01,15873,2790
P0021,2023-07-01,22024,8990
P0021,2023-08-01,14874,10679
P0021,2023-09-01,21602,6516
P0021,2023-10-01,27265,11047
P0021,2023-11-01,17774,11252
P0021,2023-12-01,29994,2454
P0021,2024-01-01,19585,10675
P0021,2024-02-01,11291,2474
P0021,2024-03-01,8133,6870
P0021,2024-04-01,7972,6795
P0021,2024-05-01,17913,10605
P0021,2024-06-01,12228,11403
P0021,2024-07-01,7020,10487
P0021,2024-08-01,24420,6568
P0021,2024-09-01,16880,6733
P0021,2024-10-01,13516,1817
P0021,2024-11-01,6396,3662
P0021,2024-12-01,23129,3091
P0022,2023-01-01,15303,7683
P0022,2023-02-01,24314,11688
P0022,2023-03-01,5312,10977
P0022,2023-04-01,24695,8814
P0022,2023-05-01,22767,4739
P0022,2023-06-01,6139,3204
P0022,2023-07-01,10924,1862
P0022,2023-08-01,22988,11408
P0022,2023-09-01,17481,5786
P0022,2023-10-01,7738,3969
P0022,2023-11-01,25179,7650
P0022,2023-12-01,20106,2056
P0022,2024-01-01,13017,4308
P0022,2024-02-01,20370,6650
P0022,2024-03-01,18870,9061
P0022,2024-04-01,6719,8006
P0022,2024-05-01,15700,5241
P0022,2024-06-01,13766,5498
P0022,2024-07-01,22787,10280
P0022,2024-08-01,4294,11677
P0022,2024-09-01,25727,11382
P0022,2024-10-01,5136,3564
P0022,2024-11-01,11009,6043
P0022,2024-12-01,5007,6945
P0023,2023-01-01,14706,6852
P0023,2023-02-01,13439,2935
P0023,2023-03-01,4571,3882
P0023,2023-04-01,29821,11776
P0023,2023-05-01,9084,1777
P0023,2023-06-01,17507,8559
P0023,2023-07-01,22271,2765
P0023,2023-08-01,11491,2540
P0023,2023-09-01,18859,10609
P0023,2023-10-01,12073,10577
P0023,2023-11-01,23136,9713
P0023,2023-12-01,24953,7853
P0023,2024-01-01,6353,8937
P0023,2024-02-01,8799,2186
P0023,2024-03-01,28860,6311
P0023,2024-04-01,15939,10454
P0023,2024-05-01,25730,6543
P0023,2024-06-01,6428,6626
P0023,2024-07-01,28604,10598
P0023,2024-08-01,15296,9313
P0023,2024-09-01,18414,11145
P0023,2024-10-01,17025,4856
P0023,2024-11-01,29091,8766
P0023,2024-12-01,10540,1538
P0024,2023-01-01,7342,10578
P0024,2023-02-01,6844,11896
P0024,2023-03-01,21482,8527
P0024,2023-04-01,22207,4655
P0024,2023-05-01,7093,7158
P0024,2023-06-01,24162,4396
P0024,2023-07-01,15645,2488
P0024,2023-08-01,24500,7946
P0024,2023-09-01,20335,5679
P0024,2023-10-01,20133,3182
P0024,2023-11-01,9626,8924
P0024,2023-12-01,16857,2433
P0024,2024-01-01,23982,3480
P0024,2024-02-01,19522,11547
P0024,2024-03-01,23440,10484
P0024,2024-04-01,21175,11501
P0024,2024-05-01,9390,8135
P0024,2024-06-01,22639,5110
P0024,2024-07-01,5607,6679
P0024,2024-08-01,10573,2484
P0024,2024-09-01,9776,5176
P0024,2024-10-01,7380,10211
P0024,2024-11-01,12782,2550
P0024,2024-12-01,17997,5133
P0025,2023-01-01,10342,2459
P0025,2023-02-01,10059,10384
P0025,2023-03-01,9655,5973
P0025,2023-04-01,23330,9225
P0025,2023-05-01,4526,4724
P0025,2023-06-01,19069,11945
P0025,2023-07-01,15536,3375
P0025,2023-08-01,5763,10212
P0025,2023-09-01,9797,10708
P0025,2023-10-01,27483,6609
P0025,2023-11-01,27028,1616
P0025,2023-12-01,6433,6963
P0025,2024-01-01,20967,10086
P0025,2024-02-01,24172,5667
P0025,2024-03-01,28849,11705
P0025,2024-04-01,21773,9857
P0025,2024-05-01,10154,6920
P0025,2024-06-01,12920,3543
P0025,2024-07-01,24581,4996
P0025,2024-08-01,21162,1713
P0025,2024-09-01,7762,11268
P0025,2024-10-01,14640,8231
P0025,2024-11-01,23501,7291
P0025,2024-12-01,19822,10283
P0026,2023-01-01,17621,4220
P0026,2023-02-01,12905,10627
P0026,2023-03-01,26431,9532
P0026,2023-04-01,20385,7868
P0026,2023-05-01,18056,3449
P0026,2023-06-01,27116,9333
P0026,2023-07-01,21301,4674
P0026,2023-08-01,14433,8514
P0026,2023-09-01,4089,3209
P0026,2023-10-01,14361,4541
P0026,2023-11-01,4105,10578
P0026,2023-12-01,29003,3395
P0026,2024-01-01,10090,10008
P0026,2024-02-01,10082,2134
P0026,2024-03-01,5925,3556
P0026,2024-04-01,10917,4644
P0026,2024-05-01,4552,10407
P0026,2024-06-01,25767,5411
P0026,2024-07-01,7389,10799
P0026,2024-08-01,17629,9942
P0026,2024-09-01,6430,11746
P0026,2024-10-01,4458,1707
P0026,2024-11-01,4899,1521
P0026,2024-12-01,12601,2394
P0027,2023-01-01,4514,8794
P0027,2023-02-01,25288,9367
P0027,2023-03-01,8109,8679
P0027,2023-04-01,14326,3060
P0027,2023-05-01,17612,2766
P0027,2023-06-01,24022,10441
P0027,2023-07-01,23811,6280
P0027,2023-08-01,22311,3856
P0027,2023-09-01,8790,1806
P0027,2023-10-01,28363,5165
P0027,2023-11-01,14181,8557
P0027,2023-12-01,20082,2161
P0027,2024-01-01,8644,10003
P0027,2024-02-01,6920,10774
P0027,2024-03-01,20002,10446
P0027,2024-04-01,16732,7736
P0027,2024-05-01,20309,7578
P0027,2024-06-01,17518,1852
P0027,2024-07-01,29478,8505
P0027,2024-08-01,18036,1658
P0027,2024-09-01,4956,3571
P0027,2024-10-01,12595,11079
P0027,2024-11-01,7453,8175
P0027,2024-12-01,4955,7795
P0028,2023-01-01,19921,3212
P0028,2023-02-01,19282,6203
P0028,2023-03-01,10563,10965
P0028,2023-04-01,26015,11133
P0028,2023-05-01,15171,11489
P0028,2023-06-01,16582,2894
P0028,2023-07-01,16473,10961
P0028,2023-08-01,25116,5214
P0028,2023-09-01,19596,2029
P0028,2023-10-01,23342,9404
P0028,2023-11-01,23975,11839
P0028,2023-12-01,27279,10631
P0028,2024-01-01,4525,7977
P0028,2024-02-01,20385,1874
P0028,2024-03-01,16197,6148
P0028,2024-04-01,6365,3025
P0028,2024-05-01,5646,1513
P0028,2024-06-01,8599,3778
P0028,2024-07-01,18296,4655
P0028,2024-08-01,12321,5314
P0028,2024-09-01,17125,4716
P0028,2024-10-01,28603,3613
P0028,2024-11-01,29828,5856
P0028,2024-12-01,14238,7043
P0029,2023-01-01,24939,8562
P0029,2023-02-01,7374,7930
P0029,2023-03-01,23850,4581
P0029,2023-04-01,15970,2129
P0029,2023-05-01,20653,11685
P0029,2023-06-01,9724,7397
P0029,2023-07-01,15083,4932
P0029,2023-08-01,13472,7776
P0029,2023-09-01,19635,7395
P0029,2023-10-01,17994,8615
P0029,2023-11-01,27040,2075
P0029,2023-12-01,27413,7599
P0029,2024-01-01,13499,4692
P0029,2024-02-01,7178,7552
P0029,2024-03-01,23118,7616
P0029,2024-04-01,19563,11904
P0029,2024-05-01,7568,11347
P0029,2024-06-01,18135,3703
P0029,2024-07-01,21774,3242
P0029,2024-08-01,22309,2119
P0029,2024-09-01,21658,2456
P0029,2024-10-01,5939,5453
P0029,2024-11-01,20001,2468
P0029,2024-12-01,18846,11008
P0030,2023-01-01,29619,1781
P0030,2023-02-01,19360,7762
P0030,2023-03-01,5058,5793
P0030,2023-04-01,14724,6678
P0030,2023-05-01,10980,10700
P0030,2023-06-01,5229,10727
P0030,2023-07-01,24969,9967
P0030,2023-08-01,23124,3789
P0030,2023-09-01,5239,6870
P0030,2023-10-01,20170,1625
P0030,2023-11-01,16504,8973
P0030,2023-12-01,29784,6842
P0030,2024-01-01,27735,8138
P0030,2024-02-01,10570,4749
P0030,2024-03-01,13110,9095
P0030,2024-04-01,17605,7794
P0030,2024-05-01,26911,7257
P0030,2024-06-01,16595,3469
P0030,2024-07-01,14985,2391
P0030,2024-08-01,8470,8675
P0030,2024-09-01,14225,11056
P0030,2024-10-01,28704,10706
P0030,2024-11-01,13991,8312
P0030,2024-12-01,11519,6112
P0031,2023-01-01,16373,2698
P0031,2023-02-01,19552,6738
P0031,2023-03-01,19577,7589
P0031,2023-04-01,26641,9205
P0031,2023-05-01,7719,1802
P0031,2023-06-01,16144,2486
P0031,2023-07-01,14055,5940
P0031,2023-08-01,25293,4572
P0031,2023-09-01,17598,4624
P0031,2023-10-01,13519,9625
P0031,2023-11-01,7291,5533
P0031,2023-12-01,9105,2203
P0031,2024-01-01,12133,2074
P0031,2024-02-01,9704,9348
P0031,2024-03-01,25592,8424
P0031,2024-04-01,24212,4730
P0031,2024-05-01,4488,8614
P0031,2024-06-01,29923,4673
P0031,2024-07-01,5667,11329
P0031,2024-08-01,8114,5053
P0031,2024-09-01,11761,2500
P0031,2024-10-01,19638,10542
P0031,2024-11-01,21772,6950
P0031,2024-12-01,7712,2867
P0032,2023-01-01,12189,10513
P0032,2023-02-01,20838,11316
P0032,2023-03-01,23156,5226
P0032,2023-04-01,27616,6306
P0032,2023-05-01,6190,10608
P0032,2023-06-01,16178,4375
P0032,2023-07-01,9592,2940
P0032,2023-08-01,16592,10427
P0032,2023-09-01,26443,8510
P0032,2023-10-01,15207,8617
P0032,2023-11-01,29537,4489
P0032,2023-12-01,16040,10718
P0032,2024-01-01,26612,7971
P0032,2024-02-01,6863,11639
P0032,2024-03-01,5177,6260
P0032,2024-04-01,4011,6752
P0032,2024-05-01,20353,5899
P0032,2024-06-01,15556,9734
P0032,2024-07-01,29519,6945
P0032,2024-08-01,20173,8070
P0032,2024-09-01,29580,9712
P0032,2024-10-01,4406,10706
P0032,2024-11-01,8431,11530
P0032,2024-12-01,25627,8042
P0033,2023-01-01,27320,10406
P0033,2023-02-01,8146,1640
P0033,2023-03-01,8882,7512
P0033,2023-04-01,21347,8651
P0033,2023-05-01,28948,5110
P0033,2023-06-01,13884,8394
P0033,2023-07-01,17467,8811
P0033,2023-08-01,20489,7039
P0033,2023-09-01,13873,8287
P0033,2023-10-01,6137,5945
P0033,2023-11-01,23914,2786
P0033,2023-12-01,19710,8552
P0033,2024-01-01,7654,8602
P0033,2024-02-01,22743,9605
P0033,2024-03-01,12636,7941
P0033,2024-04-01,25431,9727
P0033,2024-05-01,25587,11167
P0033,2024-06-01,16149,3298
P0033,2024-07-01,13600,6791
P0033,2024-08-01,9495,11400
P0033,2024-09-01,17673,7784
P0033,2024-10-01,19222,8785
P0033,2024-11-01,5300,8369
P0033,2024-12-01,13435,4597
P0034,2023-01-01,8616,1509
P0034,2023-02-01,14617,7252
P0034,2023-03-01,13852,7795
P0034,2023-04-01,25199,2572
P0034,2023-05-01,7225,2816
P0034,2023-06-01,26083,8307
P0034,2023-07-01,27058,5183
P0034,2023-08-01,11227,4773
P0034,2023-09-01,27384,1645
P0034,2023-10-01,9010,4540
P0034,2023-11-01,13654,11276
P0034,2023-12-01,20866,4679
P0034,2024-01-01,21633,2130
P0034,2024-02-01,18996,10353
P0034,2024-03-01,15695,4352
P0034,2024-04-01,20014,2487
P0034,2024-05-01,11622,8827
P0034,2024-06-01,29225,10660
P0034,2024-07-01,21484,8152
P0034,2024-08-01,29016,8921
P0034,2024-09-01,25400,2269
P0034,2024-10-01,21727,5858
P0034,2024-11-01,27164,8102
P0034,2024-12-01,15543,3849
P0035,2023-01-01,9699,2741
P0035,2023-02-01,5125,10882
P0035,2023-03-01,10764,6601
P0035,2023-04-01,16323,9343
P0035,2023-05-01,18210,1572
P0035,2023-06-01,25856,11606
P0035,2023-07-01,9189,3972
P0035,2023-08-01,21091,3304
P0035,2023-09-01,10704,5213
P0035,2023-10-01,9051,3975
P0035,2023-11-01,7610,5755
P0035,2023-12-01,18484,8897
P0035,2024-01-01,5735,11277
P0035,2024-02-01,12258,9479
P0035,2024-03-01,6428,8926
P0035,2024-04-01,12533,6749
P0035,2024-05-01,25675,4317
P0035,2024-06-01,29808,5374
P0035,2024-07-01,13686,5711
P0035,2024-08-01,4661,11560
P0035,2024-09-01,19836,4874
P0035,2024-10-01,29592,1707
P0035,2024-11-01,6665,3993
P0035,2024-12-01,27197,2132
P0036,2023-01-01,7083,11623
P0036,2023-02-01,24103,8623
P0036,2023-03-01,14754,3179
P0036,2023-04-01,19901,1736
P0036,2023-05-01,11446,5943
P0036,2023-06-01,27154,11232
P0036,2023-07-01,26483,10055
P0036,2023-08-01,22752,1785
P0036,2023-09-01,4148,5537
P0036,2023-10-01,26933,8621
P0036,2023-11-01,8895,6780
P0036,2023-12-01,21396,11215
P0036,2024-01-01,23169,5225
P0036,2024-02-01,20163,6076
P0036,2024-03-01,9782,7757
P0036,2024-04-01,22792,1840
P0036,2024-05-01,6817,3996
P0036,2024-06-01,26346,6799
P0036,2024-07-01,13917,9074
P0036,2024-08-01,22073,4767
P0036,2024-09-01,8406,9953
P0036,2024-10-01,21826,10097
P0036,2024-11-01,14382,5937
P0036,2024-12-01,9435,9935
P0037,2023-01-01,8107,2060
P0037,2023-02-01,16329,10285
P0037,2023-03-01,25932,3326
P0037,2023-04-01,15421,9129
P0037,2023-05-01,12325,4638
P0037,2023-06-01,11693,9764
P0037,2023-07-01,16686,9342
P0037,2023-08-01,10721,8502
P0037,2023-09-01,24609,4478
P0037,2023-10-01,11373,7407
P0037,2023-11-01,26481,7156
P0037,2023-12-01,12984,5759
P0037,2024-01-01,12286,7401
P0037,2024-02-01,29709,6417
P0037,2024-03-01,12429,4030
P0037,2024-04-01,22344,8545
P0037,2024-05-01,21432,7272
P0037,2024-06-01,19476,4029
P0037,2024-07-01,19751,4464
P0037,2024-08-01,11137,2463
P0037,2024-09-01,20920,8840
P0037,2024-10-01,27563,9467
P0037,2024-11-01,16415,10234
P0037,2024-12-01,4845,7277
P0038,2023-01-01,23420,7447
P0038,2023-02-01,6494,4219
P0038,2023-03-01,22268,5849
P0038,2023-04-01,9179,8110
P0038,2023-05-01,10430,8654
P0038,2023-06-01,17828,11645
P0038,2023-07-01,10488,6237
P0038,2023-08-01,26909,5350
P0038,2023-09-01,21073,11642
P0038,2023-10-01,25559,10148
P0038,2023-11-01,9078,11822
P0038,2023-12-01,16168,6948
P0038,2024-01-01,21563,10574
P0038,2024-02-01,10406,10091
P0038,2024-03-01,27291,10300
P0038,2024-04-01,18083,3138
P0038,2024-05-01,26055,8428
P0038,2024-06-01,14340,2882
P0038,2024-07-01,5403,10511
P0038,2024-08-01,7292,10511
P0038,2024-09-01,4419,6017
P0038,2024-10-01,23686,9357
P0038,2024-11-01,19422,11200
P0038,2024-12-01,28254,7193
P0039,2023-01-01,4767,3544
P0039,2023-02-01,18818,11831
P0039,2023-03-01,5549,11456
P0039,2023-04-01,10140,5216
P0039,2023-05-01,8481,9398
P0039,2023-06-01,10548,3793
P0039,2023-07-01,8837,9258
P0039,2023-08-01,14900,8293
P0039,2023-09-01,28022,9493
P0039,2023-10-01,26391,7042
P0039,2023-11-01,29476,7856
P0039,2023-12-01,28817,8880
P0039,2024-01-01,20052,3885
P0039,2024-02-01,18308,5768
P0039,2024-03-01,4671,1663
P0039,2024-04-01,12656,6092
P0039,2024-05-01,8795,6298
P0039,2024-06-01,26420,3855
P0039,2024-07-01,26271,9461
P0039,2024-08-01,14749,7327
P0039,2024-09-01,29121,6219
P0039,2024-10-01,4593,6339
P0039,2024-11-01,11394,11151
P0039,2024-12-01,23877,7664
P0040,2023-01-01,14636,4172
P0040,2023-02-01,24584,1516
P0040,2023-03-01,7191,1892
P0040,2023-04-01,29000,7772
P0040,2023-05-01,20955,5131
P0040,2023-06-01,10172,10812
P0040,2023-07-01,27561,9933
P0040,2023-08-01,24281,9623
P0040,2023-09-01,22663,10480
P0040,2023-10-01,27835,10406
P0040,2023-11-01,21159,8369
P0040,2023-12-01,22631,8588
P0040,2024-01-01,20462,9580
P0040,2024-02-01,11099,5426
P0040,2024-03-01,29431,8840
P0040,2024-04-01,18916,8583
P0040,2024-05-01,26614,11840
P0040,2024-06-01,13223,6440
P0040,2024-07-01,23655,4956
P0040,2024-08-01,11788,10099
P0040,2024-09-01,28034,4211
P0040,2024-10-01,15280,3168
P0040,2024-11-01,20531,7920
P0040,2024-12-01,16089,11642
P0041,2023-01-01,20749,11366
P0041,2023-02-01,8531,6830
P0041,2023-03-01,9510,10254
P0041,2023-04-01,12964,7993
P0041,2023-05-01,14759,6939
P0041,2023-06-01,18473,11265
P0041,2023-07-01,17279,8011
P0041,2023-08-01,15483,9004
P0041,2023-09-01,21630,5339
P0041,2023-10-01,28935,3876
P0041,2023-11-01,23393,10654
P0041,2023-12-01,15824,3327
P0041,2024-01-01,10979,11305
P0041,2024-02-01,13832,11908
P0041,2024-03-01,16504,10069
P0041,2024-04-01,24669,8410
P0041,2024-05-01,28945,3696
P0041,2024-06-01,24131,10343
P0041,2024-07-01,9978,7107
P0041,2024-08-01,21153,2280
P0041,2024-09-01,13908,7803
P0041,2024-10-01,18686,5483
P0041,2024-11-01,13503,10214
P0041,2024-12-01,20905,10627
P0042,2023-01-01,27953,11922
P0042,2023-02-01,16232,7284
P0042,2023-03-01,8583,7446
P0042,2023-04-01,25325,7767
P0042,2023-05-01,20377,8628
P0042,2023-06-01,15889,3961
P0042,2023-07-01,18291,2185
P0042,2023-08-01,22544,8531
P0042,2023-09-01,16258,11259
P0042,2023-10-01,25725,1538
P0042,2023-11-01,14736,6375
P0042,2023-12-01,21640,9197
P0042,2024-01-01,6196,8665
P0042,2024-02-01,19997,1801
P0042,2024-03-01,27911,7881
P0042,2024-04-01,21030,11451
P0042,2024-05-01,29173,10353
P0042,2024-06-01,24714,11060
P0042,2024-07-01,14773,8503
P0042,2024-08-01,20140,5037
P0042,2024-09-01,17057,6058
P0042,2024-10-01,26963,9974
P0042,2024-11-01,19921,11178
P0042,2024-12-01,8082,5683
P0043,2023-01-01,29036,5254
P0043,2023-02-01,5724,2876
P0043,2023-03-01,12706,10394
P0043,2023-04-01,22037,3566
P0043,2023-05-01,20406,3960
P0043,2023-06-01,9926,7751
P0043,2023-07-01,13496,8795
P0043,2023-08-01,7300,7779
P0043,2023-09-01,12553,8853
P0043,2023-10-01,7727,7772
P0043,2023-11-01,26379,10976
P0043,2023-12-01,20898,1948
P0043,2024-01-01,10019,6843
P0043,2024-02-01,14047,9533
P0043,2024-03-01,15754,4020
P0043,2024-04-01,7081,2928
P0043,2024-05-01,7967,7945
P0043,2024-06-01,18566,10614
P0043,2024-07-01,15329,3659
P0043,2024-08-01,9132,4047
P0043,2024-09-01,23363,11973
P0043,2024-10-01,23033,10005
P0043,2024-11-01,14805,4583
P0043,2024-12-01,21421,4989
P0044,2023-01-01,11604,9044
P0044,2023-02-01,19379,4134
P0044,2023-03-01,7983,3278
P0044,2023-04-01,28286,6610
P0044,2023-05-01,25573,8878
P0044,2023-06-01,21508,2197
P0044,2023-07-01,6179,11096
P0044,2023-08-01,9251,10735
P0044,2023-09-01,22313,2513
P0044,2023-10-01,20610,8821
P0044,2023-11-01,5828,9409
P0044,2023-12-01,9588,3523
P0044,2024-01-01,25350,11777
P0044,2024-02-01,9891,2580
P0044,2024-03-01,9036,4063
P0044,2024-04-01,7292,5086
P0044,2024-05-01,20087,5931
P0044,2024-06-01,27225,8143
P0044,2024-07-01,7959,1661
P0044,2024-08-01,20029,2093
P0044,2024-09-01,18226,4890
P0044,2024-10-01,9997,7854
P0044,2024-11-01,16693,2163
P0044,2024-12-01,13324,2041
P0045,2023-01-01,25817,6593
P0045,2023-02-01,17428,2367
P0045,2023-03-01,20063,11758
P0045,2023-04-01,29007,6969
P0045,2023-05-01,10256,10898
P0045,2023-06-01,14720,2669
P0045,2023-07-01,4830,3151
P0045,2023-08-01,21520,4310
P0045,2023-09-01,29051,11018
P0045,2023-10-01,17258,2519
P0045,2023-11-01,25621,11528
P0045,2023-12-01,16448,2783
P0045,2024-01-01,21043,3510
P0045,2024-02-01,28974,3233
P0045,2024-03-01,22509,3671
P0045,2024-04-01,28650,4971
P0045,2024-05-01,13028,7124
P0045,2024-06-01,29075,9829
P0045,2024-07-01,6097,6568
P0045,2024-08-01,17930,11577
P0045,2024-09-01,10397,4257
P0045,2024-10-01,24304,9686
P0045,2024-11-01,22284,4110
P0045,2024-12-01,27284,2949
P0046,2023-01-01,29122,6517
P0046,2023-02-01,20370,9499
P0046,2023-03-01,26436,11695
P0046,2023-04-01,6096,10395
P0046,2023-05-01,26788,11317
P0046,2023-06-01,23715,8962
P0046,2023-07-01,9105,4478
P0046,2023-08-01,6839,4884
P0046,2023-09-01,14851,11553
P0046,2023-10-01,17493,2185
P0046,2023-11-01,18139,9031
P0046,2023-12-01,8283,9236
P0046,2024-01-01,11710,3119
P0046,2024-02-01,17975,8368
P0046,2024-03-01,19261,2931
P0046,2024-04-01,13067,6213
P0046,2024-05-01,13557,10935
P0046,2024-06-01,8998,1662
P0046,2024-07-01,5974,4791
P0046,2024-08-01,12461,2131
P0046,2024-09-01,21289,3514
P0046,2024-10-01,13833,9396
P0046,2024-11-01,4204,2081
P0046,2024-12-01,26059,10532
P0047,2023-01-01,9347,11411
P0047,2023-02-01,6643,9517
P0047,2023-03-01,22681,2374
P0047,2023-04-01,9560,2189
P0047,2023-05-01,8000,11114
P0047,2023-06-01,18289,2171
P0047,2023-07-01,11927,2671
P0047,2023-08-01,25975,10635
P0047,2023-09-01,10342,2949
P0047,2023-10-01,15929,4039
P0047,2023-11-01,7959,7785
P0047,2023-12-01,9432,5760
P0047,2024-01-01,22745,7664
P0047,2024-02-01,24054,3253
P0047,2024-03-01,28484,3438
P0047,2024-04-01,28946,7476
P0047,2024-05-01,14123,8088
P0047,2024-06-01,29000,7804
P0047,2024-07-01,11345,9375
P0047,2024-08-01,29470,8133
P0047,2024-09-01,19352,2097
P0047,2024-10-01,23446,3836
P0047,2024-11-01,13879,2072
P0047,2024-12-01,11521,7671
P0048,2023-01-01,27481,3590
P0048,2023-02-01,17992,8066
P0048,2023-03-01,15861,6124
P0048,2023-04-01,5633,3017
P0048,2023-05-01,16485,5148
P0048,2023-06-01,19177,3037
P0048,2023-07-01,18357,4637
P0048,2023-08-01,27369,1597
P0048,2023-09-01,15407,5250
P0048,2023-10-01,12535,9674
P0048,2023-11-01,28487,6913
P0048,2023-12-01,8666,2110
P0048,2024-01-01,5727,11982
P0048,2024-02-01,5854,6555
P0048,2024-03-01,14271,3824
P0048,2024-04-01,16819,10869
P0048,2024-05-01,13283,7274
P0048,2024-06-01,10519,3249
P0048,2024-07-01,18939,2281
P0048,2024-08-01,20282,9048
P0048,2024-09-01,10823,3605
P0048,2024-10-01,24251,8693
P0048,2024-11-01,25360,3613
P0048,2024-12-01,20280,7379
P0049,2023-01-01,17565,5470
P0049,2023-02-01,14183,10759
P0049,2023-03-01,27648,3077
P0049,2023-04-01,13203,3774
P0049,2023-05-01,25253,11506
P0049,2023-06-01,27128,3926
P0049,2023-07-01,17489,7046
P0049,2023-08-01,10852,4051
P0049,2023-09-01,10411,1507
P0049,2023-10-01,28471,4055
P0049,2023-11-01,4475,6916
P0049,2023-12-01,14403,10176
P0049,2024-01-01,11239,8210
P0049,2024-02-01,25384,6154
P0049,2024-03-01,12078,7563
P0049,2024-04-01,6285,6723
P0049,2024-05-01,17521,8471
P0049,2024-06-01,23909,4322
P0049,2024-07-01,8943,8030
P0049,2024-08-01,15116,1758
P0049,2024-09-01,4282,3398
P0049,2024-10-01,8135,8129
P0049,2024-11-01,15168,11959
P0049,2024-12-01,23584,6610
P0050,2023-01-01,27551,2112
P0050,2023-02-01,18203,2187
P0050,2023-03-01,24074,10304
P0050,2023-04-01,6307,8633
P0050,2023-05-01,15205,8009
P0050,2023-06-01,9906,4091
P0050,2023-07-01,19149,8683
P0050,2023-08-01,25632,10266
P0050,2023-09-01,14102,6608
P0050,2023-10-01,23988,2169
P0050,2023-11-01,24748,8829
P0050,2023-12-01,5283,2423
P0050,2024-01-01,5125,3029
P0050,2024-02-01,12438,5211
P0050,2024-03-01,20154,9504
P0050,2024-04-01,13752,7774
P0050,2024-05-01,14592,11935
P0050,2024-06-01,7864,11631
P0050,2024-07-01,28217,8288
P0050,2024-08-01,4226,1764
P0050,2024-09-01,13587,2145
P0050,2024-10-01,20299,9044
P0050,2024-11-01,25953,4490
P0050,2024-12-01,17675,11591
P0051,2023-01-01,22888,10846
P0051,2023-02-01,4587,11513
P0051,2023-03-01,13177,5579
P0051,2023-04-01,7348,7799
P0051,2023-05-01,24215,10933
P0051,2023-06-01,28765,10672
P0051,2023-07-01,22099,7950
P0051,2023-08-01,17230,6933
P0051,2023-09-01,5098,8596
P0051,2023-10-01,22710,10587
P0051,2023-11-01,20021,7916
P0051,2023-12-01,10980,8263
P0051,2024-01-01,22058,9450
P0051,2024-02-01,13122,10415
P0051,2024-03-01,26433,2589
P0051,2024-04-01,8578,10627
P0051,2024-05-01,14487,1655
P0051,2024-06-01,29646,3458
P0051,2024-07-01,14693,7844
P0051,2024-08-01,9779,7644
P0051,2024-09-01,25447,5330
P0051,2024-10-01,13046,10331
P0051,2024-11-01,13794,8159
P0051,2024-12-01,4441,7540
P0052,2023-01-01,26309,8858
P0052,2023-02-01,8628,7870
P0052,2023-03-01,13528,2448
P0052,2023-04-01,15565,9679
P0052,2023-05-01,20013,7615
P0052,2023-06-01,20843,9068
P0052,2023-07-01,25030,1892
P0052,2023-08-01,16130,3287
P0052,2023-09-01,27758,11949
P0052,2023-10-01,21522,6241
P0052,2023-11-01,11418,7862
P0052,2023-12-01,6454,11158
P0052,2024-01-01,24058,2877
P0052,2024-02-01,19223,8201
P0052,2024-03-01,6597,1641
P0052,2024-04-01,6659,6096
P0052,2024-05-01,13031,7161
P0052,2024-06-01,10142,7126
P0052,2024-07-01,12787,11596
P0052,2024-08-01,12472,1923
P0052,2024-09-01,27383,5749
P0052,2024-10-01,18949,3250
P0052,2024-11-01,25141,3467
P0052,2024-12-01,8088,5678
P0053,2023-01-01,28173,4446
P0053,2023-02-01,13641,6894
P0053,2023-03-01,28264,6575
P0053,2023-04-01,14412,8730
P0053,2023-05-01,19432,3031
P0053,2023-06-01,17074,4490
P0053,2023-07-01,27539,5993
P0053,2023-08-01,29719,2433
P0053,2023-09-01,5460,4223
P0053,2023-10-01,14704,1785
P0053,2023-11-01,20648,8316
P0053,2023-12-01,15639,3262
P0053,2024-01-01,15240,11961
P0053,2024-02-01,4040,7327
P0053,2024-03-01,12259,2487
P0053,2024-04-01,18849,9304
P0053,2024-05-01,28173,7217
P0053,2024-06-01,23582,6874
P0053,2024-07-01,25174,8683
P0053,2024-08-01,6524,10777
P0053,2024-09-01,22863,11385
P0053,2024-10-01,25538,2278
P0053,2024-11-01,5492,2160
P0053,2024-12-01,21732,10991
P0054,2023-01-01,16132,11678
P0054,2023-02-01,11851,8656
P0054,2023-03-01,6044,8868
P0054,2023-04-01,23900,10750
P0054,2023-05-01,13168,6077
P0054,2023-06-01,21111,8968
P0054,2023-07-01,4342,2947
P0054,2023-08-01,10581,7817
P0054,2023-09-01,20910,11588
P0054,2023-10-01,16946,11765
P0054,2023-11-01,27132,1905
P0054,2023-12-01,18567,9486
P0054,2024-01-01,13765,5240
P0054,2024-02-01,16466,3346
P0054,2024-03-01,21862,2271
P0054,2024-04-01,25909,10270
P0054,2024-05-01,15093,1693
P0054,2024-06-01,6007,2685
P0054,2024-07-01,22778,11484
P0054,2024-08-01,13302,5505
P0054,2024-09-01,11429,3761
P0054,2024-10-01,24120,11628
P0054,2024-11-01,10716,6375
P0054,2024-12-01,12921,5878
P0055,2023-01-01,11815,4951
P0055,2023-02-01,28000,11832
P0055,2023-03-01,13836,4300
P0055,2023-04-01,12333,6910
P0055,2023-05-01,21839,8392
P0055,2023-06-01,9808,8296
P0055,2023-07-01,25180,6593
P0055,2023-08-01,14288,2825
P0055,2023-09-01,25360,10905
P0055,2023-10-01,21543,6150
P0055,2023-11-01,8987,6197
P0055,2023-12-01,20724,5328
P0055,2024-01-01,22352,2203
P0055,2024-02-01,16605,6982
P0055,2024-03-01,26760,3300
P0055,2024-04-01,9463,6412
P0055,2024-05-01,8648,2355
P0055,2024-06-01,6866,1682
P0055,2024-07-01,7112,7170
P0055,2024-08-01,8492,7323
P0055,2024-09-01,19114,3017
P0055,2024-10-01,20018,6502
P0055,2024-11-01,21740,11866
P0055,2024-12-01,24013,5128
P0056,2023-01-01,15431,9710
P0056,2023-02-01,15595,7632
P0056,2023-03-01,13324,8088
P0056,2023-04-01,7311,7548
P0056,2023-05-01,26630,2487
P0056,2023-06-01,7321,6115
P0056,2023-07-01,19512,9865
P0056,2023-08-01,17654,5241
P0056,2023-09-01,7052,8074
P0056,2023-10-01,4726,5260
P0056,2023-11-01,26190,3375
P0056,2023-12-01,27377,5533
P0056,2024-01-01,9443,2489
P0056,2024-02-01,7744,10111
P0056,2024-03-01,20977,3274
P0056,2024-04-01,14651,2435
P0056,2024-05-01,17395,5308
P0056,2024-06-01,20715,9422
P0056,2024-07-01,23086,7389
P0056,2024-08-01,9054,5368
P0056,2024-09-01,24584,1701
P0056,2024-10-01,22881,3342
P0056,2024-11-01,14058,11688
P0056,2024-12-01,13101,6158
P0057,2023-01-01,15381,9044
P0057,2023-02-01,11718,2270
P0057,2023-03-01,23539,3128
P0057,2023-04-01,4386,7531
P0057,2023-05-01,10439,7901
P0057,2023-06-01,17392,5508
P0057,2023-07-01,22850,3782
P0057,2023-08-01,5856,9480
P0057,2023-09-01,5998,6976
P0057,2023-10-01,13428,6169
P0057,2023-11-01,16336,10842
P0057,2023-12-01,24702,8564
P0057,2024-01-01,11446,2931
P0057,2024-02-01,9624,8961
P0057,2024-03-01,5819,2630
P0057,2024-04-01,26947,4158
P0057,2024-05-01,7500,10066
P0057,2024-06-01,6120,5520
P0057,2024-07-01,14213,4759
P0057,2024-08-01,14081,3323
P0057,2024-09-01,21858,3742
P0057,2024-10-01,17467,4743
P0057,2024-11-01,10990,6660
P0057,2024-12-01,7134,3570
P0058,2023-01-01,20743,11733
P0058,2023-02-01,20378,2641
P0058,2023-03-01,22019,5500
P0058,2023-04-01,14135,4861
P0058,2023-05-01,26967,9335
P0058,2023-06-01,15172,1506
P0058,2023-07-01,7267,8064
P0058,2023-08-01,25312,4106
P0058,2023-09-01,15411,7406
P0058,2023-10-01,20028,4773
P0058,2023-11-01,11611,2413
P0058,2023-12-01,6011,2942
P0058,2024-01-01,25930,3329
P0058,2024-02-01,12767,7968
P0058,2024-03-01,17703,2429
P0058,2024-04-01,15951,5199
P0058,2024-05-01,19845,2554
P0058,2024-06-01,19747,7244
P0058,2024-07-01,22284,11149
P0058,2024-08-01,10980,8569
P0058,2024-09-01,13591,4915
P0058,2024-10-01,4442,7718
P0058,2024-11-01,8652,9439
P0058,2024-12-01,28217,10870
P0059,2023-01-01,11597,5958
P0059,2023-02-01,10591,10949
P0059,2023-03-01,15826,11533
P0059,2023-04-01,22693,7768
P0059,2023-05-01,21294,5840
P0059,2023-06-01,24393,8128
P0059,2023-07-01,6169,3672
P0059,2023-08-01,26052,7813
P0059,2023-09-01,12315,9536
P0059,2023-10-01,27173,2285
P0059,2023-11-01,10139,7844
P0059,2023-12-01,22800,10488
P0059,2024-01-01,24538,7119
P0059,2024-02-01,5936,11848
P0059,2024-03-01,7807,8651
P0059,2024-04-01,13493,4736
P0059,2024-05-01,19848,3852
P0059,2024-06-01,5932,10056
P0059,2024-07-01,25300,6998
P0059,2024-08-01,14582,2446
P0059,2024-09-01,17865,11069
P0059,2024-10-01,21823,9230
P0059,2024-11-01,8857,1840
P0059,2024-12-01,15181,1882
P0060,2023-01-01,12491,1638
P0060,2023-02-01,4358,6431
P0060,2023-03-01,13714,4956
P0060,2023-04-01,5627,10995
P0060,2023-05-01,19996,8126
P0060,2023-06-01,9004,10826
P0060,2023-07-01,17283,8152
P0060,2023-08-01,26800,4670
P0060,2023-09-01,24219,9517
P0060,2023-10-01,6151,10929
P0060,2023-11-01,18072,8405
P0060,2023-12-01,23218,10690
P0060,2024-01-01,20212,4067
P0060,2024-02-01,5307,10348
P0060,2024-03-01,6660,11903
P0060,2024-04-01,24114,11738
P0060,2024-05-01,10207,4662
P0060,2024-06-01,5140,9958
P0060,2024-07-01,5708,5130
P0060,2024-08-01,23595,11985
P0060,2024-09-01,16021,8038
P0060,2024-10-01,20859,9184
P0060,2024-11-01,29552,2707
P0060,2024-12-01,17331,3460
P0061,2023-01-01,4557,2382
P0061,2023-02-01,8761,7367
P0061,2023-03-01,27347,8666
P0061,2023-04-01,16982,9429
P0061,2023-05-01,9347,8769
P0061,2023-06-01,28509,3954
P0061,2023-07-01,24878,3446
P0061,2023-08-01,16991,4308
P0061,2023-09-01,10642,5325
P0061,2023-10-01,7536,7568
P0061,2023-11-01,19309,5302
P0061,2023-12-01,25083,3470
P0061,2024-01-01,26190,7642
P0061,2024-02-01,23203,10594
P0061,2024-03-01,4364,5758
P0061,2024-04-01,23503,3363
P0061,2024-05-01,20499,8584
P0061,2024-06-01,12016,3884
P0061,2024-07-01,19072,5435
P0061,2024-08-01,17127,9242
P0061,2024-09-01,20165,6942
P0061,2024-10-01,6490,8480
P0061,2024-11-01,17324,10634
P0061,2024-12-01,28045,3224
P0062,2023-01-01,28566,4267
P0062,2023-02-01,5137,5617
P0062,2023-03-01,7420,7345
P0062,2023-04-01,25162,5406
P0062,2023-05-01,24021,4453
P0062,2023-06-01,26313,1776
P0062,2023-07-01,22383,2727
P0062,2023-08-01,10337,5235
P0062,2023-09-01,19906,2195
P0062,2023-10-01,29885,5652
P0062,2023-11-01,28285,8970
P0062,2023-12-01,16306,9037
P0062,2024-01-01,14503,4341
P0062,2024-02-01,8208,10233
P0062,2024-03-01,14886,2588
P0062,2024-04-01,7363,1524
P0062,2024-05-01,13764,7644
P0062,2024-06-01,26052,5736
P0062,2024-07-01,13959,9568
P0062,2024-08-01,22619,8795
P0062,2024-09-01,12392,9948
P0062,2024-10-01,24131,11933
P0062,2024-11-01,19038,4675
P0062,2024-12-01,15528,6397
P0063,2023-01-01,25421,8927
P0063,2023-02-01,12605,3514
P0063,2023-03-01,5381,2598
P0063,2023-04-01,23810,5155
P0063,2023-05-01,28322,10601
P0063,2023-06-01,4187,11707
P0063,2023-07-01,25793,3592
P0063,2023-08-01,22514,6742
P0063,2023-09-01,12549,7147
P0063,2023-10-01,9185,7276
P0063,2023-11-01,16449,9413
P0063,2023-12-01,27931,9323
P0063,2024-01-01,19717,8855
P0063,2024-02-01,10465,2997
P0063,2024-03-01,17324,11850
P0063,2024-04-01,6555,6909
P0063,2024-05-01,6951,2738
P0063,2024-06-01,29549,6227
P0063,2024-07-01,24349,7186
P0063,2024-08-01,29626,5201
P0063,2024-09-01,6780,8898
P0063,2024-10-01,21972,3868
P0063,2024-11-01,19592,7289
P0063,2024-12-01,4436,4328
P0064,2023-01-01,5556,9070
P0064,2023-02-01,17364,8980
P0064,2023-03-01,29880,1682
P0064,2023-04-01,11190,8187
P0064,2023-05-01,9565,8741
P0064,2023-06-01,19369,9151
P0064,2023-07-01,25959,3089
P0064,2023-08-01,29235,1659
P0064,2023-09-01,16145,8055
P0064,2023-10-01,20237,10703
P0064,2023-11-01,12244,8346
P0064,2023-12-01,22691,2728
P0064,2024-01-01,27610,7090
P0064,2024-02-01,27303,7085
P0064,2024-03-01,13227,7546
P0064,2024-04-01,16237,6445
P0064,2024-05-01,11927,8516
P0064,2024-06-01,18027,9258
P0064,2024-07-01,17752,6586
P0064,2024-08-01,29840,8661
P0064,2024-09-01,22268,3309
P0064,2024-10-01,7167,7852
P0064,2024-11-01,29393,7556
P0064,2024-12-01,6437,7968
P0065,2023-01-01,19275,10580
P0065,2023-02-01,26335,6776
P0065,2023-03-01,12859,9318
P0065,2023-04-01,8728,4124
P0065,2023-05-01,9738,5732
P0065,2023-06-01,9793,6023
P0065,2023-07-01,9571,10510
P0065,2023-08-01,14380,10798
P0065,2023-09-01,6224,9889
P0065,2023-10-01,19927,7591
P0065,2023-11-01,15684,10162
P0065,2023-12-01,10361,3448
P0065,2024-01-01,16091,11702
P0065,2024-02-01,15992,8594
P0065,2024-03-01,10318,5296
P0065,2024-04-01,16180,1734
P0065,2024-05-01,19372,10620
P0065,2024-06-01,23991,9543
P0065,2024-07-01,4522,7404
P0065,2024-08-01,16718,6388
P0065,2024-09-01,13821,7332
P0065,2024-10-01,16820,8622
P0065,2024-11-01,9842,2816
P0065,2024-12-01,17200,2624
P0066,2023-01-01,26005,6923
P0066,2023-02-01,19206,4087
P0066,2023-03-01,29599,7172
P0066,2023-04-01,5378,4874
P0066,2023-05-01,5519,7277
P0066,2023-06-01,11935,7593
P0066,2023-07-01,28802,6855
P0066,2023-08-01,25352,10583
P0066,2023-09-01,9574,5572
P0066,2023-10-01,17324,3757
P0066,2023-11-01,28972,11770
P0066,2023-12-01,19233,5924
P0066,2024-01-01,23621,5393
P0066,2024-02-01,6005,3516
P0066,2024-03-01,14860,11570
P0066,2024-04-01,13388,3272
P0066,2024-05-01,28737,5476
P0066,2024-06-01,22135,10467
P0066,2024-07-01,27814,8670
P0066,2024-08-01,26853,10631
P0066,2024-09-01,23604,2039
P0066,2024-10-01,18823,2961
P0066,2024-11-01,25568,10047
P0066,2024-12-01,15515,1734
P0067,2023-01-01,18562,3048
P0067,2023-02-01,11480,11788
P0067,2023-03-01,8213,11793
P0067,2023-04-01,5673,8208
P0067,2023-05-01,28366,3600
P0067,2023-06-01,15849,5248
P0067,2023-07-01,23557,3315
P0067,2023-08-01,7841,11697
P0067,2023-09-01,12016,8511
P0067,2023-10-01,8493,2174
P0067,2023-11-01,28472,10078
P0067,2023-12-01,6158,4161
P0067,2024-01-01,6064,4753
P0067,2024-02-01,25363,9203
P0067,2024-03-01,16828,10431
P0067,2024-04-01,5401,4759
P0067,2024-05-01,19193,11969
P0067,2024-06-01,16096,5423
P0067,2024-07-01,8214,4727
P0067,2024-08-01,15023,11843
P0067,2024-09-01,15867,4245
P0067,2024-10-01,26475,5366
P0067,2024-11-01,15956,7318
P0067,2024-12-01,22606,4292
P0068,2023-01-01,19493,5563
P0068,2023-02-01,21908,9724
P0068,2023-03-01,26582,5525
P0068,2023-04-01,22950,4303
P0068,2023-05-01,24093,7655
P0068,2023-06-01,17839,2219
P0068,2023-07-01,18890,8016
P0068,2023-08-01,24963,2472
P0068,2023-09-01,24102,8895
P0068,2023-10-01,24786,6052
P0068,2023-11-01,22591,5926
P0068,2023-12-01,27303,10335
P0068,2024-01-01,16903,9886
P0068,2024-02-01,12680,3704
P0068,2024-03-01,25729,4776
P0068,2024-04-01,5102,6743
P0068,2024-05-01,10614,10933
P0068,2024-06-01,12707,6723
P0068,2024-07-01,28968,2130
P0068,2024-08-01,15908,11539
P0068,2024-09-01,14847,10671
P0068,2024-10-01,16721,8183
P0068,2024-11-01,20661,1732
P0068,2024-12-01,13744,7190
P0069,2023-01-01,17401,9159
P0069,2023-02-01,14601,1525
P0069,2023-03-01,19384,8968
P0069,2023-04-01,26794,10152
P0069,2023-05-01,24148,8099
P0069,2023-06-01,17379,6602
P0069,2023-07-01,11006,4983
P0069,2023-08-01,22378,10182
P0069,2023-09-01,5072,8207
P0069,2023-10-01,4215,9105
P0069,2023-11-01,13915,11284
P0069,2023-12-01,22990,9850
P0069,2024-01-01,18824,6281
P0069,2024-02-01,7313,11468
P0069,2024-03-01,20241,11744
P0069,2024-04-01,28147,7439
P0069,2024-05-01,18696,3795
P0069,2024-06-01,26069,3196
P0069,2024-07-01,15185,3446
P0069,2024-08-01,16001,4283
P0069,2024-09-01,7644,6741
P0069,2024-10-01,10420,9057
P0069,2024-11-01,15837,4145
P0069,2024-12-01,26973,7853
P0070,2023-01-01,14541,3432
P0070,2023-02-01,15486,3257
P0070,2023-03-01,9085,7137
P0070,2023-04-01,5116,1992
P0070,2023-05-01,12811,9388
P0070,2023-06-01,10474,11238
P0070,2023-07-01,25342,11297
P0070,2023-08-01,18607,11582
P0070,2023-09-01,29851,4243
P0070,2023-10-01,11866,8660
P0070,2023-11-01,9451,6758
P0070,2023-12-01,12548,8686
P0070,2024-01-01,10102,10561
P0070,2024-02-01,29461,11693
P0070,2024-03-01,29859,2119
P0070,2024-04-01,4882,10488
P0070,2024-05-01,7642,2796
P0070,2024-06-01,18122,9936
P0070,2024-07-01,6895,8093
P0070,2024-08-01,21313,6866
P0070,2024-09-01,12711,4712
P0070,2024-10-01,22793,9699
P0070,2024-11-01,14717,4923
P0070,2024-12-01,14211,8476
P0071,2023-01-01,27978,6658
P0071,2023-02-01,16474,5167
P0071,2023-03-01,26357,7736
P0071,2023-04-01,12277,3968
P0071,2023-05-01,26601,5119
P0071,2023-06-01,22020,9655
P0071,2023-07-01,7583,5509
P0071,2023-08-01,23710,11910
P0071,2023-09-01,28532,3717
P0071,2023-10-01,8967,3869
P0071,2023-11-01,24022,10635
P0071,2023-12-01,9722,5944
P0071,2024-01-01,11618,5447
P0071,2024-02-01,22060,2696
P0071,2024-03-01,16297,4287
P0071,2024-04-01,27816,11153
P0071,2024-05-01,11927,4818
P0071,2024-06-01,29242,8189
P0071,2024-07-01,6176,5243
P0071,2024-08-01,12792,5922
P0071,2024-09-01,24208,10671
P0071,2024-10-01,6451,2128
P0071,2024-11-01,13821,9278
P0071,2024-12-01,7696,5174
P0072,2023-01-01,24313,4265
P0072,2023-02-01,24753,9807
P0072,2023-03-01,8956,11695
P0072,2023-04-01,21076,4662
P0072,2023-05-01,5105,4508
P0072,2023-06-01,22545,9845
P0072,2023-07-01,18188,5199
P0072,2023-08-01,16602,5286
P0072,2023-09-01,13256,5700
P0072,2023-10-01,18212,3413
P0072,2023-11-01,29792,7020
P0072,2023-12-01,14593,3272
P0072,2024-01-01,23164,8923
P0072,2024-02-01,6871,2160
P0072,2024-03-01,26626,2632
P0072,2024-04-01,4699,8970
P0072,2024-05-01,14230,7797
P0072,2024-06-01,16839,9312
P0072,2024-07-01,8557,3679
P0072,2024-08-01,15030,10565
P0072,2024-09-01,12275,2922
P0072,2024-10-01,19089,4680
P0072,2024-11-01,24700,8196
P0072,2024-12-01,13583,2114
P0073,2023-01-01,17869,6070
P0073,2023-02-01,20654,3968
P0073,2023-03-01,18208,11082
P0073,2023-04-01,19639,5107
P0073,2023-05-01,14775,4575
P0073,2023-06-01,20673,9620
P0073,2023-07-01,10614,4752
P0073,2023-08-01,11415,8271
P0073,2023-09-01,20662,2080
P0073,2023-10-01,8958,9945
P0073,2023-11-01,8276,9497
P0073,2023-12-01,8776,2324
P0073,2024-01-01,7832,10391
P0073,2024-02-01,18901,6945
P0073,2024-03-01,5380,11365
P0073,2024-04-01,26918,4656
P0073,2024-05-01,15580,5807
P0073,2024-06-01,9634,10075
P0073,2024-07-01,9810,10033
P0073,2024-08-01,26318,11679
P0073,2024-09-01,16251,4609
P0073,2024-10-01,24466,4740
P0073,2024-11-01,26412,3349
P0073,2024-12-01,28881,4249
P0074,2023-01-01,17156,8180
P0074,2023-02-01,29711,1705
P0074,2023-03-01,27736,6091
P0074,2023-04-01,7450,8714
P0074,2023-05-01,24195,6641
P0074,2023-06-01,28885,4208
P0074,2023-07-01,22375,9963
P0074,2023-08-01,15834,11514
P0074,2023-09-01,7273,6038
P0074,2023-10-01,16541,10212
P0074,2023-11-01,13168,5222
P0074,2023-12-01,7551,4332
P0074,2024-01-01,26063,8079
P0074,2024-02-01,17422,1652
P0074,2024-03-01,26138,4300
P0074,2024-04-01,9310,11444
P0074,2024-05-01,6610,2604
P0074,2024-06-01,14728,8861
P0074,2024-07-01,24583,5354
P0074,2024-08-01,11263,3414
P0074,2024-09-01,27749,4572
P0074,2024-10-01,29582,1906
P0074,2024-11-01,17689,1666
P0074,2024-12-01,4508,3161
P0075,2023-01-01,7664,4989
P0075,2023-02-01,17050,2180
P0075,2023-03-01,22908,3620
P0075,2023-04-01,25644,5857
P0075,2023-05-01,5363,11023
P0075,2023-06-01,6292,3038
P0075,2023-07-01,7408,9242
P0075,2023-08-01,12752,10791
P0075,2023-09-01,22287,1674
P0075,2023-10-01,6230,5787
P0075,2023-11-01,24544,8606
P0075,2023-12-01,13689,4671
P0075,2024-01-01,21951,2651
P0075,2024-02-01,11619,7533
P0075,2024-03-01,12560,6446
P0075,2024-04-01,28618,3407
P0075,2024-05-01,7490,4035
P0075,2024-06-01,8173,11516
P0075,2024-07-01,21677,6269
P0075,2024-08-01,8796,8371
P0075,2024-09-01,23356,5422
P0075,2024-10-01,8997,8532
P0075,2024-11-01,21376,9612
P0075,2024-12-01,9287,3740
P0076,2023-01-01,21860,7926
P0076,2023-02-01,15599,1889
P0076,2023-03-01,4999,3355
P0076,2023-04-01,12125,10350
P0076,2023-05-01,6763,5163
P0076,2023-06-01,8986,2981
P0076,2023-07-01,27640,5231
P0076,2023-08-01,27646,1951
P0076,2023-09-01,23477,2382
P0076,2023-10-01,24792,5568
P0076,2023-11-01,14758,4777
P0076,2023-12-01,20311,10066
P0076,2024-01-01,15889,9451
P0076,2024-02-01,15254,6190
P0076,2024-03-01,15442,6095
P0076,2024-04-01,8559,8791
P0076,2024-05-01,12160,1612
P0076,2024-06-01,25515,4697
P0076,2024-07-01,19924,11616
P0076,2024-08-01,20523,2924
P0076,2024-09-01,23333,4668
P0076,2024-10-01,29092,7543
P0076,2024-11-01,10989,8736
P0076,2024-12-01,10261,2387
P0077,2023-01-01,23488,1549
P0077,2023-02-01,24335,5060
P0077,2023-03-01,20402,6321
P0077,2023-04-01,26724,9558
P0077,2023-05-01,16253,4106
P0077,2023-06-01,11846,10143
P0077,2023-07-01,10432,5265
P0077,2023-08-01,22822,11241
P0077,2023-09-01,26742,9819
P0077,2023-10-01,9941,9144
P0077,2023-11-01,8855,8047
P0077,2023-12-01,27580,7411
P0077,2024-01-01,26865,4261
P0077,2024-02-01,24840,11107
P0077,2024-03-01,26745,7193
P0077,2024-04-01,9788,1701
P0077,2024-05-01,26544,2017
P0077,2024-06-01,11737,11033
P0077,2024-07-01,5988,5302
P0077,2024-08-01,26192,8662
P0077,2024-09-01,17065,7741
P0077,2024-10-01,18114,9899
P0077,2024-11-01,9633,7255
P0077,2024-12-01,14825,7809
P0078,2023-01-01,8117,9845
P0078,2023-02-01,5518,7663
P0078,2023-03-01,20346,4100
P0078,2023-04-01,17237,3695
P0078,2023-05-01,7554,4349
P0078,2023-06-01,19253,3242
P0078,2023-07-01,5306,5349
P0078,2023-08-01,16360,9019
P0078,2023-09-01,17032,5695
P0078,2023-10-01,25562,4055
P0078,2023-11-01,22689,9119
P0078,2023-12-01,13280,4142
P0078,2024-01-01,13369,7909
P0078,2024-02-01,19438,6257
P0078,2024-03-01,6994,10251
P0078,2024-04-01,19226,2771
P0078,2024-05-01,5813,10301
P0078,2024-06-01,22845,5620
P0078,2024-07-01,26508,9975
P0078,2024-08-01,8396,10783
P0078,2024-09-01,17318,2316
P0078,2024-10-01,27688,8831
P0078,2024-11-01,4082,3420
P0078,2024-12-01,11817,3593
P0079,2023-01-01,16905,8571
P0079,2023-02-01,28351,9867
P0079,2023-03-01,9285,6437
P0079,2023-04-01,20753,3318
P0079,2023-05-01,22485,4990
P0079,2023-06-01,22163,9174
P0079,2023-07-01,21748,8794
P0079,2023-08-01,7676,3926
P0079,2023-09-01,28648,9589
P0079,2023-10-01,6962,2359
P0079,2023-11-01,16048,5638
P0079,2023-12-01,6424,10756
P0079,2024-01-01,14409,5517
P0079,2024-02-01,14451,11778
P0079,2024-03-01,28944,9842
P0079,2024-04-01,5134,6666
P0079,2024-05-01,9119,7194
P0079,2024-06-01,26520,6985
P0079,2024-07-01,8164,3846
P0079,2024-08-01,9039,6397
P0079,2024-09-01,18631,11942
P0079,2024-10-01,12252,6541
P0079,2024-11-01,24285,2837
P0079,2024-12-01,21568,5926
P0080,2023-01-01,5551,3129
P0080,2023-02-01,29903,3026
P0080,2023-03-01,5361,11265
P0080,2023-04-01,8370,6783
P0080,2023-05-01,11610,3493
P0080,2023-06-01,4869,2514
P0080,2023-07-01,14103,2102
P0080,2023-08-01,16013,2190
P0080,2023-09-01,29069,1989
P0080,2023-10-01,27248,8740
P0080,2023-11-01,14748,9286
P0080,2023-12-01,12024,1794
P0080,2024-01-01,9488,5527
P0080,2024-02-01,15035,4412
P0080,2024-03-01,25128,3373
P0080,2024-04-01,16855,4758
P0080,2024-05-01,6817,10136
P0080,2024-06-01,24025,5958
P0080,2024-07-01,9307,10433
P0080,2024-08-01,22425,2179
P0080,2024-09-01,14659,7238
P0080,2024-10-01,9668,11050
P0080,2024-11-01,18427,9197
P0080,2024-12-01,28417,1562
P0081,2023-01-01,11829,8852
P0081,2023-02-01,17516,8415
P0081,2023-03-01,12326,5144
P0081,2023-04-01,25354,11827
P0081,2023-05-01,12003,4778
P0081,2023-06-01,11296,10514
P0081,2023-07-01,7074,9812
P0081,2023-08-01,27936,3137
P0081,2023-09-01,17652,6603
P0081,2023-10-01,29500,2144
P0081,2023-11-01,6032,4261
P0081,2023-12-01,19195,3568
P0081,2024-01-01,20625,4168
P0081,2024-02-01,18638,2302
P0081,2024-03-01,25443,1695
P0081,2024-04-01,6187,3830
P0081,2024-05-01,25225,5106
P0081,2024-06-01,28852,1560
P0081,2024-07-01,18387,5427
P0081,2024-08-01,10296,4091
P0081,2024-09-01,29142,11263
P0081,2024-10-01,10121,2700
P0081,2024-11-01,19721,4354
P0081,2024-12-01,15087,8524
P0082,2023-01-01,29812,8472
P0082,2023-02-01,4136,2529
P0082,2023-03-01,19346,11848
P0082,2023-04-01,22978,8706
P0082,2023-05-01,4661,3972
P0082,2023-06-01,4086,7719
P0082,2023-07-01,28527,8468
P0082,2023-08-01,23157,3200
P0082,2023-09-01,6700,8315
P0082,2023-10-01,15821,3147
P0082,2023-11-01,26422,6664
P0082,2023-12-01,9520,5187
P0082,2024-01-01,20980,6045
P0082,2024-02-01,29060,10337
P0082,2024-03-01,18955,6257
P0082,2024-04-01,17045,5884
P0082,2024-05-01,12912,6233
P0082,2024-06-01,11081,10190
P0082,2024-07-01,27501,6229
P0082,2024-08-01,5673,9806
P0082,2024-09-01,15171,11428
P0082,2024-10-01,17545,8678
P0082,2024-11-01,6294,5130
P0082,2024-12-01,19093,1646
P0083,2023-01-01,18453,4953
P0083,2023-02-01,8507,7283
P0083,2023-03-01,28135,7128
P0083,2023-04-01,12328,4860
P0083,2023-05-01,23389,5052
P0083,2023-06-01,20402,3742
P0083,2023-07-01,18665,7818
P0083,2023-08-01,9097,10140
P0083,2023-09-01,5948,10637
P0083,2023-10-01,9618,5736
P0083,2023-11-01,27285,3420
P0083,2023-12-01,15169,5688
P0083,2024-01-01,16207,1738
P0083,2024-02-01,4204,7052
P0083,2024-03-01,8927,5890
P0083,2024-04-01,23071,6451
P0083,2024-05-01,19641,7660
P0083,2024-06-01,25772,11040
P0083,2024-07-01,19810,6626
P0083,2024-08-01,4816,10512
P0083,2024-09-01,4192,3276
P0083,2024-10-01,7645,7814
P0083,2024-11-01,28826,3288
P0083,2024-12-01,11374,5200
P0084,2023-01-01,14655,10859
P0084,2023-02-01,7893,8311
P0084,2023-03-01,13288,4179
P0084,2023-04-01,24288,8760
P0084,2023-05-01,4504,11313
P0084,2023-06-01,18671,11079
P0084,2023-07-01,15186,8273
P0084,2023-08-01,7816,2217
P0084,2023-09-01,15676,5934
P0084,2023-10-01,21042,6557
P0084,2023-11-01,24392,6494
P0084,2023-12-01,8234,5264
P0084,2024-01-01,15181,6137
P0084,2024-02-01,6104,10947
P0084,2024-03-01,27185,10075
P0084,2024-04-01,22991,9885
P0084,2024-05-01,15999,5219
P0084,2024-06-01,6581,4065
P0084,2024-07-01,6763,7828
P0084,2024-08-01,9991,4906
P0084,2024-09-01,29307,6280
P0084,2024-10-01,8177,7976
P0084,2024-11-01,22988,9681
P0084,2024-12-01,6382,2031
P0085,2023-01-01,26463,2134
P0085,2023-02-01,15996,1502
P0085,2023-03-01,18005,9897
P0085,2023-04-01,26335,7126
P0085,2023-05-01,28123,7503
P0085,2023-06-01,6890,7739
P0085,2023-07-01,12026,4806
P0085,2023-08-01,4897,10777
P0085,2023-09-01,13471,2170
P0085,2023-10-01,27675,3005
P0085,2023-11-01,26844,6667
P0085,2023-12-01,19768,11647
P0085,2024-01-01,25639,1749
P0085,2024-02-01,26841,3392
P0085,2024-03-01,7439,11545
P0085,2024-04-01,6854,11195
P0085,2024-05-01,15577,5292
P0085,2024-06-01,15618,6830
P0085,2024-07-01,28255,9735
P0085,2024-08-01,23996,4118
P0085,2024-09-01,25062,4663
P0085,2024-10-01,29864,4442
P0085,2024-11-01,28795,3425
P0085,2024-12-01,6972,2490
P0086,2023-01-01,15138,3312
P0086,2023-02-01,19935,10495
P0086,2023-03-01,4489,7376
P0086,2023-04-01,24029,8581
P0086,2023-05-01,23275,11397
P0086,2023-06-01,7516,4840
P0086,2023-07-01,10410,1553
P0086,2023-08-01,22959,2115
P0086,2023-09-01,9944,8904
P0086,2023-10-01,4954,3129
P0086,2023-11-01,14973,8359
P0086,2023-12-01,12841,4778
P0086,2024-01-01,25839,5301
P0086,2024-02-01,22945,8039
P0086,2024-03-01,20754,2357
P0086,2024-04-01,8886,8985
P0086,2024-05-01,17680,1883
P0086,2024-06-01,18397,5834
P0086,2024-07-01,24674,4225
P0086,2024-08-01,16226,7704
P0086,2024-09-01,17440,7611
P0086,2024-10-01,8251,2422
P0086,2024-11-01,23299,9457
P0086,2024-12-01,23430,10666
P0087,2023-01-01,5230,9147
P0087,2023-02-01,14006,6433
P0087,2023-03-01,18295,11055
P0087,2023-04-01,20377,5440
P0087,2023-05-01,26867,1703
P0087,2023-06-01,20544,10460
P0087,2023-07-01,7748,8218
P0087,2023-08-01,22965,2593
P0087,2023-09-01,19228,6000
P0087,2023-10-01,29183,7210
P0087,2023-11-01,13732,4375
P0087,2023-12-01,7191,3337
P0087,2024-01-01,4689,5259
P0087,2024-02-01,6103,1865
P0087,2024-03-01,18010,9592
P0087,2024-04-01,16742,5672
P0087,2024-05-01,26417,3878
P0087,2024-06-01,21589,6488
P0087,2024-07-01,16031,7169
P0087,2024-08-01,6735,11367
P0087,2024-09-01,12490,2456
P0087,2024-10-01,13306,8123
P0087,2024-11-01,18908,2974
P0087,2024-12-01,8460,8502
P0088,2023-01-01,17986,7896
P0088,2023-02-01,23212,4350
P0088,2023-03-01,17299,4464
P0088,2023-04-01,8594,10641
P0088,2023-05-01,18282,8144
P0088,2023-06-01,6850,1665
P0088,2023-07-01,14701,2419
P0088,2023-08-01,12305,5004
P0088,2023-09-01,21375,7547
P0088,2023-10-01,7839,2758
P0088,2023-11-01,27993,10206
P0088,2023-12-01,17519,6304
P0088,2024-01-01,14776,1567
P0088,2024-02-01,13788,7160
P0088,2024-03-01,8478,9710
P0088,2024-04-01,14922,5021
P0088,2024-05-01,4572,8582
P0088,2024-06-01,28216,6895
P0088,2024-07-01,19407,3758
P0088,2024-08-01,15094,7539
P0088,2024-09-01,4650,7241
P0088,2024-10-01,17281,8338
P0088,2024-11-01,22971,9376
P0088,2024-12-01,7262,2838
P0089,2023-01-01,8996,7280
P0089,2023-02-01,6827,6732
P0089,2023-03-01,6217,5039
P0089,2023-04-01,28229,10729
P0089,2023-05-01,18026,5883
P0089,2023-06-01,23345,4726
P0089,2023-07-01,17878,8337
P0089,2023-08-01,11031,10790
P0089,2023-09-01,29515,5216
P0089,2023-10-01,7414,2948
P0089,2023-11-01,4570,4404
P0089,2023-12-01,17288,4005
P0089,2024-01-01,4917,11566
P0089,2024-02-01,10982,8927
P0089,2024-03-01,10336,3178
P0089,2024-04-01,20999,11441
P0089,2024-05-01,27470,6249
P0089,2024-06-01,23889,6029
P0089,2024-07-01,21519,10066
P0089,2024-08-01,11226,6662
P0089,2024-09-01,20590,6375
P0089,2024-10-01,5319,2641
P0089,2024-11-01,8627,8889
P0089,2024-12-01,18501,4190
P0090,2023-01-01,11323,4755
P0090,2023-02-01,28665,6713
P0090,2023-03-01,8108,4520
P0090,2023-04-01,22241,10496
P0090,2023-05-01,29520,4289
P0090,2023-06-01,24259,9105
P0090,2023-07-01,13802,9635
P0090,2023-08-01,26439,5382
P0090,2023-09-01,15413,8675
P0090,2023-10-01,16583,8629
P0090,2023-11-01,9021,6235
P0090,2023-12-01,22771,8082
P0090,2024-01-01,17455,10633
P0090,2024-02-01,17117,7366
P0090,2024-03-01,22950,2475
P0090,2024-04-01,27596,10646
P0090,2024-05-01,5262,6547
P0090,2024-06-01,29519,11894
P0090,2024-07-01,11382,7731
P0090,2024-08-01,7327,7130
P0090,2024-09-01,22643,11520
P0090,2024-10-01,21641,1964
P0090,2024-11-01,18062,4794
P0090,2024-12-01,10774,8931
P0091,2023-01-01,5230,10576
P0091,2023-02-01,7805,7919
P0091,2023-03-01,18715,7250
P0091,2023-04-01,19627,5356
P0091,2023-05-01,7135,8453
P0091,2023-06-01,29500,7534
P0091,2023-07-01,24973,3046
P0091,2023-08-01,19457,7565
P0091,2023-09-01,21478,3911
P0091,2023-10-01,23001,10454
P0091,2023-11-01,8145,4275
P0091,2023-12-01,17193,8128
P0091,2024-01-01,23539,5470
P0091,2024-02-01,28356,11732
P0091,2024-03-01,18119,10275
P0091,2024-04-01,25799,5831
P0091,2024-05-01,14295,3442
P0091,2024-06-01,26410,9801
P0091,2024-07-01,20575,10595
P0091,2024-08-01,17404,2361
P0091,2024-09-01,27095,10775
P0091,2024-10-01,21033,5634
P0091,2024-11-01,15803,9087
P0091,2024-12-01,29212,2536
P0092,2023-01-01,20351,5631
P0092,2023-02-01,22532,6957
P0092,2023-03-01,10079,3930
P0092,2023-04-01,22263,9042
P0092,2023-05-01,16298,3511
P0092,2023-06-01,7373,11835
P0092,2023-07-01,27741,2789
P0092,2023-08-01,5447,4699
P0092,2023-09-01,26765,11635
P0092,2023-10-01,27906,7559
P0092,2023-11-01,23567,6962
P0092,2023-12-01,23600,4636
P0092,2024-01-01,23702,4282
P0092,2024-02-01,29566,9157
P0092,2024-03-01,8920,11845
P0092,2024-04-01,26708,7827
P0092,2024-05-01,12417,2276
P0092,2024-06-01,9208,2187
P0092,2024-07-01,20913,6567
P0092,2024-08-01,17223,9580
P0092,2024-09-01,25902,3653
P0092,2024-10-01,13486,7594
P0092,2024-11-01,27358,11218
P0092,2024-12-01,25158,9192
P0093,2023-01-01,15088,4603
P0093,2023-02-01,6440,5635
P0093,2023-03-01,11124,6701
P0093,2023-04-01,21228,1946
P0093,2023-05-01,7915,4609
P0093,2023-06-01,21618,8087
P0093,2023-07-01,4226,5643
P0093,2023-08-01,27569,7058
P0093,2023-09-01,15971,1686
P0093,2023-10-01,18680,4035
P0093,2023-11-01,5932,10540
P0093,2023-12-01,6032,2752
P0093,2024-01-01,9509,6574
P0093,2024-02-01,17900,3381
P0093,2024-03-01,4269,3130
P0093,2024-04-01,24789,7639
P0093,2024-05-01,21958,3195
P0093,2024-06-01,23642,4762
P0093,2024-07-01,5445,7763
P0093,2024-08-01,28795,1552
P0093,2024-09-01,13949,7070
P0093,2024-10-01,27963,3166
P0093,2024-11-01,10901,4285
P0093,2024-12-01,4719,10097
P0094,2023-01-01,10855,3794
P0094,2023-02-01,12263,11745
P0094,2023-03-01,29805,11259
P0094,2023-04-01,15874,5982
P0094,2023-05-01,18079,2198
P0094,2023-06-01,11243,10518
P0094,2023-07-01,26302,1848
P0094,2023-08-01,25758,9369
P0094,2023-09-01,20691,4916
P0094,2023-10-01,8820,5058
P0094,2023-11-01,24862,8031
P0094,2023-12-01,25004,4485
P0094,2024-01-01,12112,9967
P0094,2024-02-01,22931,1836
P0094,2024-03-01,14165,4479
P0094,2024-04-01,16768,5468
P0094,2024-05-01,4910,3496
P0094,2024-06-01,19632,4629
P0094,2024-07-01,9447,7629
P0094,2024-08-01,9850,5704
P0094,2024-09-01,11446,10019
P0094,2024-10-01,4314,2634
P0094,2024-11-01,14938,6376
P0094,2024-12-01,28486,11212
P0095,2023-01-01,12347,7092
P0095,2023-02-01,22108,4843
P0095,2023-03-01,21270,2221
P0095,2023-04-01,28062,10604
P0095,2023-05-01,23741,2370
P0095,2023-06-01,10751,1997
P0095,2023-07-01,5756,2617
P0095,2023-08-01,15601,4328
P0095,2023-09-01,18996,3147
P0095,2023-10-01,17878,8492
P0095,2023-11-01,17778,8271
P0095,2023-12-01,20526,4261
P0095,2024-01-01,7435,8122
P0095,2024-02-01,16852,8569
P0095,2024-03-01,24896,3348
P0095,2024-04-01,6696,3217
P0095,2024-05-01,23456,10759
P0095,2024-06-01,6786,5291
P0095,2024-07-01,29864,5371
P0095,2024-08-01,5806,3004
P0095,2024-09-01,23692,8617
P0095,2024-10-01,17304,6548
P0095,2024-11-01,28647,3190
P0095,2024-12-01,19549,11036
P0096,2023-01-01,7303,4613
P0096,2023-02-01,20061,10574
P0096,2023-03-01,28234,7916
P0096,2023-04-01,21888,10424
P0096,2023-05-01,13940,5424
P0096,2023-06-01,28999,11283
P0096,2023-07-01,8485,9600
P0096,2023-08-01,29068,1691
P0096,2023-09-01,29074,6417
P0096,2023-10-01,9831,10948
P0096,2023-11-01,14160,5822
P0096,2023-12-01,17682,11878
P0096,2024-01-01,27383,10508
P0096,2024-02-01,27666,11165
P0096,2024-03-01,29662,3374
P0096,2024-04-01,13062,6263
P0096,2024-05-01,14234,9964
P0096,2024-06-01,13221,2551
P0096,2024-07-01,16225,11265
P0096,2024-08-01,15382,9038
P0096,2024-09-01,27795,7820
P0096,2024-10-01,15939,3605
P0096,2024-11-01,4307,9237
P0096,2024-12-01,7359,4676
P0097,2023-01-01,5251,6866
P0097,2023-02-01,21901,7726
P0097,2023-03-01,25689,11070
P0097,2023-04-01,26253,9539
P0097,2023-05-01,18330,6391
P0097,2023-06-01,8992,3461
P0097,2023-07-01,16497,4363
P0097,2023-08-01,14848,8103
P0097,2023-09-01,17255,6067
P0097,2023-10-01,20079,8013
P0097,2023-11-01,19235,5505
P0097,2023-12-01,15755,10614
P0097,2024-01-01,15151,1683
P0097,2024-02-01,28139,4858
P0097,2024-03-01,26999,11090
P0097,2024-04-01,27181,10228
P0097,2024-05-01,11678,7198
P0097,2024-06-01,5273,8153
P0097,2024-07-01,15241,2596
P0097,2024-08-01,13497,10607
P0097,2024-09-01,15273,9502
P0097,2024-10-01,8247,10720
P0097,2024-11-01,25698,11669
P0097,2024-12-01,23738,1770
P0098,2023-01-01,21570,7805
P0098,2023-02-01,22782,8495
P0098,2023-03-01,16427,8799
P0098,2023-04-01,24566,11403
P0098,2023-05-01,6230,8011
P0098,2023-06-01,20512,10961
P0098,2023-07-01,24056,11293
P0098,2023-08-01,8765,5470
P0098,2023-09-01,27929,7052
P0098,2023-10-01,4627,8089
P0098,2023-11-01,6044,3841
P0098,2023-12-01,9884,9685
P0098,2024-01-01,4249,4425
P0098,2024-02-01,25427,2474
P0098,2024-03-01,29901,8692
P0098,2024-04-01,13175,10580
P0098,2024-05-01,20260,11809
P0098,2024-06-01,6672,8779
P0098,2024-07-01,27915,11018
P0098,2024-08-01,12662,3487
P0098,2024-09-01,20474,10221
P0098,2024-10-01,16948,5559
P0098,2024-11-01,17026,4273
P0098,2024-12-01,17159,11378
P0099,2023-01-01,28767,11678
P0099,2023-02-01,27793,11877
P0099,2023-03-01,24824,8847
P0099,2023-04-01,5008,5283
P0099,2023-05-01,27030,5798
P0099,2023-06-01,8668,5787
P0099,2023-07-01,6052,7509
P0099,2023-08-01,5716,1810
P0099,2023-09-01,18391,6038
P0099,2023-10-01,5260,5432
P0099,2023-11-01,15460,2084
P0099,2023-12-01,28000,10051
P0099,2024-01-01,18011,4366
P0099,2024-02-01,18365,7398
P0099,2024-03-01,22395,7751
P0099,2024-04-01,8939,5506
P0099,2024-05-01,5625,2390
P0099,2024-06-01,10078,8536
P0099,2024-07-01,12923,5461
P0099,2024-08-01,22888,10306
P0099,2024-09-01,24190,7600
P0099,2024-10-01,22103,8186
P0099,2024-11-01,5587,8500
P0099,2024-12-01,13803,2396
P0100,2023-01-01,25942,9969
P0100,2023-02-01,25031,11328
P0100,2023-03-01,14350,3932
P0100,2023-04-01,24288,8337
P0100,2023-05-01,5449,6000
P0100,2023-06-01,9454,10924
P0100,2023-07-01,8117,10369
P0100,2023-08-01,14850,3528
P0100,2023-09-01,18343,8345
P0100,2023-10-01,24142,7404
P0100,2023-11-01,8624,11729
P0100,2023-12-01,12848,1665
P0100,2024-01-01,17136,6091
P0100,2024-02-01,4589,6024
P0100,2024-03-01,23205,8009
P0100,2024-04-01,11693,10954
P0100,2024-05-01,20455,5080
P0100,2024-06-01,28346,1768
P0100,2024-07-01,13968,3962
P0100,2024-08-01,13460,2515
P0100,2024-09-01,13275,9484
P0100,2024-10-01,4406,8884
P0100,2024-11-01,26433,7669
P0100,2024-12-01,28366,2485
